,vrep_steps,travelled_distances
0,5150.0,157.467163086
1,5270.0,159.860061646
2,5136.0,157.461029053
