,vrep_steps,travelled_distances
0,5406.0,169.732620239
1,5511.0,171.758544922
