,vrep_steps,travelled_distances
0,5416.0,170.586624146
1,5523.0,173.291549683
