,vrep_steps,travelled_distances
0,5137.0,165.675872803
1,5168.0,166.463195801
