,vrep_steps,travelled_distances
0,5233.0,166.543411255
1,5243.0,165.728408813
2,5251.0,166.088607788
