,vrep_steps,travelled_distances
0,5571.0,176.844650269
1,5568.0,176.039611816
