,vrep_steps,travelled_distances
0,1745.0,53.7340965271
1,5205.0,162.3621521
2,5046.0,156.566848755
3,330.0,9.66611003876
