,vrep_steps,travelled_distances
0,5370.0,165.577819824
1,5400.0,166.948150635
