,vrep_steps,travelled_distances
0,5392.0,168.003005981
1,5467.0,167.800994873
