,vrep_steps,travelled_distances
0,265.0,7.92817687988
1,1113.0,35.6923789978
2,3411.0,110.563652039
3,334.0,10.1529712677
4,3443.0,110.938468933
