,vrep_steps,travelled_distances
0,5152.0,166.277984619
1,5193.0,166.509674072
