,vrep_steps,travelled_distances
0,5629.0,180.76234436
1,5117.0,163.73286438
2,5627.0,180.386077881
