,steps,vrep_steps,travelled_distances
0,175.0,278.0,8.10638904572
1,124.0,157.0,4.43636369705
2,161.0,179.0,5.00818872452
3,230.0,214.0,6.19021892548
4,626.0,539.0,16.4392318726
5,214.0,209.0,5.98251247406
6,668.0,607.0,18.4231815338
7,256.0,249.0,7.18536424637
8,554.0,476.0,14.2955932617
9,6026.0,5298.0,172.557785034
10,6087.0,5350.0,172.60546875
11,6128.0,5396.0,170.086364746
12,6147.0,5379.0,170.977615356
