,vrep_steps,travelled_distances
0,5428.0,168.994842529
1,5432.0,169.801528931
