,steps,vrep_steps,travelled_distances
0,467.0,496.0,15.5743227005
1,709.0,675.0,21.3898830414
2,191.0,159.0,4.62504863739
3,262.0,266.0,7.85889959335
4,4618.0,5446.0,170.129898071
5,5532.0,5400.0,169.029464722
6,5156.0,5399.0,169.402801514
7,6030.0,5431.0,169.439453125
8,5434.0,5377.0,170.044952393
