,vrep_steps,travelled_distances
0,5311.0,169.819625854
1,5304.0,169.727035522
2,5333.0,170.386062622
