,vrep_steps,travelled_distances
0,5357.0,164.32661438
1,5401.0,166.024658203
