,vrep_steps,travelled_distances
0,5163.0,164.52331543
1,5312.0,168.482223511
