,vrep_steps,travelled_distances
0,4509.0,144.856796265
1,4563.0,145.319061279
2,4487.0,144.937530518
3,5024.0,163.390380859
