,vrep_steps,travelled_distances
0,5158.0,164.190368652
1,5302.0,169.424789429
2,5161.0,164.263290405
