,vrep_steps,travelled_distances
0,666.0,20.5906448364
1,2807.0,88.2492218018
2,657.0,20.3453407288
3,2804.0,87.5770111084
4,644.0,19.8818359375
5,2859.0,88.5451431274
6,696.0,21.3660316467
7,2818.0,87.4721832275
8,660.0,20.0511665344
9,697.0,20.9682617188
10,650.0,19.5669841766
11,675.0,20.3553962708
12,686.0,20.7755889893
