,vrep_steps,travelled_distances
0,3694.0,118.886909485
1,3658.0,117.101860046
