,vrep_steps,travelled_distances
0,5169.0,165.574264526
1,5155.0,164.566574097
