,vrep_steps,travelled_distances
0,5416.0,169.654037476
1,5194.0,164.333786011
