,vrep_steps,travelled_distances
0,5348.0,171.348922729
1,5251.0,167.613388062
