,vrep_steps,travelled_distances
0,502.0,15.7895917892
1,689.0,21.5904045105
2,5367.0,172.440750122
3,5345.0,171.82572937
