,vrep_steps,travelled_distances
0,5121.0,164.182540894
1,5105.0,163.477874756
