,vrep_steps,travelled_distances
0,5201.0,161.584823608
1,5257.0,163.733459473
