,vrep_steps,travelled_distances
0,5321.0,169.857757568
1,5318.0,169.644088745
2,5360.0,170.36164856
