,vrep_steps,travelled_distances
0,5153.0,157.623016357
1,5264.0,159.682342529
2,5131.0,157.365631104
