,vrep_steps,travelled_distances
0,5188.0,165.671188354
1,5204.0,166.481704712
2,5208.0,164.893234253
