,steps,vrep_steps,travelled_distances
0,349.0,470.0,14.6548624039
1,217.0,224.0,6.48394918442
2,544.0,552.0,16.7771873474
3,292.0,313.0,9.20266723633
4,528.0,576.0,17.4372577667
5,290.0,317.0,9.3180770874
6,5020.0,5250.0,166.543548584
7,4248.0,5227.0,162.039718628
8,4707.0,5273.0,164.051589966
9,5286.0,5272.0,165.070465088
10,4712.0,5325.0,165.0677948
