,vrep_steps,travelled_distances
0,3580.0,114.686462402
1,3519.0,113.263580322
