,vrep_steps,travelled_distances
0,3440.0,110.535415649
1,2009.0,64.4027633667
2,3468.0,110.464347839
3,1144.0,36.4354286194
