,vrep_steps,travelled_distances
0,3569.0,115.514694214
1,3524.0,114.363121033
