,vrep_steps,travelled_distances
0,6078.0,196.791885376
1,6069.0,196.503219604
2,6075.0,196.129943848
