,vrep_steps,travelled_distances
0,5170.0,165.967376709
1,5212.0,166.185012817
